,Title[1][2],Developer(s),Publisher(s)[1][2][3],Publisher(s)[1][2][3],Release date,Release date
,Title[1][2],Developer(s),North America,Europe / PAL,North America[1][2][3],Europe / PAL[4]
0,The 3-D Battles of WorldRunner,Square,Acclaim Entertainment,Unreleased,September 1987,Unreleased
1,8 Eyes,Thinking Rabbit,Taxan,Unreleased,January 1990,Unreleased
2,10-Yard Fight,Irem,Nintendo,Nintendo,"October 18, 1985","December 6, 1986"
3,720°,Beam Software,Mindscape,Unreleased,November 1989,Unreleased
4,1942,Micronics,Capcom,Unreleased,"November 1, 1986",Unreleased
5,1943: The Battle of Midway,Capcom,Capcom,Unreleased,October 1988,Unreleased
6,Abadox: The Deadly Inner War,Natsume,Milton Bradley Company,Unreleased,March 1990,Unreleased
7,The Addams Family,Ocean Software,Ocean Software,Ocean Software,January 1992,December 1992
8,The Addams Family: Pugsley's Scavenger Hunt,Enigma Variations,Ocean Software,Ocean Software,August 1993,1992
9,Advanced Dungeons & Dragons: DragonStrike,Westwood Associates,FCI,Unreleased,July 1992,Unreleased
10,Advanced Dungeons & Dragons: Heroes of the Lance,Natsume,FCI,Unreleased,January 1991,Unreleased
11,Advanced Dungeons & Dragons: Hillsfar,Crosstalk,FCI,Unreleased,February 1993,Unreleased
12,Advanced Dungeons & Dragons: Pool of Radiance,"Marionette, SRS",FCI,Unreleased,April 1992,Unreleased
13,Adventure Island (NA)Adventure Island Classic (EU)Adventure Island Classic in the Pacific (FR),Hudson Soft,Hudson Soft,Hudson Soft,September 1988,1992
14,Adventure Island II (NA)The Adventure Island Part II (EU),Now Production,Hudson Soft,Hudson Soft,February 1991,"July 22, 1992"
15,Adventure Island 3,Now Production,Hudson Soft,Unreleased,September 1992,Unreleased
16,Adventures in the Magic Kingdom,Capcom,Capcom,Capcom,June 1990,"December 10, 1992"
17,The Adventures of Bayou Billy,Konami,Konami,Konami,June 1989,"January 24, 1991"
18,Adventures of Dino Riki,Hudson Soft,Hudson Soft,Unreleased,September 1989,Unreleased
19,The Adventures of Gilligan's Island,Human Entertainment,Bandai,Unreleased,July 1990,Unreleased
20,Adventures of Lolo,HAL Laboratory,HAL America,HAL Laboratory,April 1989,"February 21, 1991"
21,Adventures of Lolo 2,HAL Laboratory,HAL America,HAL Laboratory,March 1990,1991
22,Adventures of Lolo 3,HAL Laboratory,HAL America,HAL Laboratory,"November 21, 1991","May 27, 1992"
23,The Adventures of Rad Gravity,Interplay Productions,Activision,Activision,December 1990,"May 30, 1991"
24,The Adventures of Rocky and Bullwinkle and Friends,Radical Entertainment,THQ,Unreleased,December 1992,Unreleased
25,Adventures of Tom Sawyer,Winkysoft,SETA,Unreleased,August 1989,Unreleased
26,Air Fortress,HAL Laboratory,HAL America,HAL Laboratory,September 1989,1989
27,Airwolf,Beam Software,Acclaim Entertainment,Acclaim Entertainment,June 1989,August 1988
28,Al Unser Jr.'s Turbo Racing (NA)Turbo Racing (EU),Data East,Data East,Data East,March 1990,1991
29,Alex Demeo's Race America (NA)Corvette ZR-1 Challenge (EU),Imagineering,Absolute Entertainment,Milton Bradley Company,May 1992,1990
30,Alfred Chicken,Twilight,Mindscape,Mindscape,February 1994,1993
31,Alien 3,Probe Software,LJN,LJN,March 1993,1993
32,All-Pro Basketball,Aicom,Vic Tokai,Unreleased,December 1989,Unreleased
33,Alpha Mission,SNK,SNK,SNK,October 1987,1987
34,Amagon,Aicom,American Sammy,Unreleased,April 1989,Unreleased
35,American Gladiators,Incredible Technologies,GameTek,Unreleased,October 1991,Unreleased
36,Anticipation,Rare,Nintendo,Nintendo,November 1988,"October 25, 1989"
37,Arch Rivals,Rare,Acclaim Entertainment,Acclaim Entertainment,November 1990,1991
38,Archon,Bullet-Proof Software,Activision,Unreleased,December 1989,Unreleased
39,Arkanoid,Taito,Taito,Unreleased,August 1987,Unreleased
40,Arkista's Ring,NMK,American Sammy,Unreleased,June 1990,Unreleased
41,Asterix,Bit Managers,Unreleased,Infogrames,Unreleased,1993
42,Astyanax,Aicom,Jaleco,Jaleco,March 1990,1990
43,Athena,Micronics,SNK,Unreleased,August 1987,Unreleased
44,Athletic World,Human Entertainment,Bandai,Nintendo,July 1987,"June 15, 1988"
45,Attack of the Killer Tomatoes,Imagineering,THQ,THQ,January 1992,1991
46,Aussie Rules Footy,Beam Software,Unreleased,Laser Beam Entertainment,Unreleased,1991
47,Back to the Future,Beam Software,LJN,Unreleased,September 1989,Unreleased
48,Back to the Future Part II & III,Beam Software,LJN,Unreleased,September 1990,Unreleased
49,Bad Dudes (NA)Bad Dudes vs. DragonNinja (EU),Data East,Data East,Ocean Software,August 1989,1990
50,Bad News Baseball,Tecmo,Tecmo,Unreleased,June 1990,Unreleased
51,Bad Street Brawler,Beam Software,Mattel,Unreleased,September 1989,Unreleased
52,Balloon Fight,Nintendo Research & Development 1,Nintendo,Nintendo,"June 18, 1986","December 15, 1986"
53,Banana Prince,KID,Unreleased,Takara,Unreleased,February 1992
54,Bandai Golf: Challenge Pebble Beach,TOSE,Bandai,Unreleased,February 1989,Unreleased
55,Bandit Kings of Ancient China,Koei,Koei,Unreleased,December 1990,Unreleased
56,Barbie,Imagineering,Hi Tech Expressions,Hi Tech Expressions,December 1991,1992
57,The Bard's Tale,Atelier Double,FCI,Unreleased,November 1991,Unreleased
58,Barker Bill's Trick Shooting,Nintendo Research & Development 1,Nintendo,Nintendo,August 1990,"June 27, 1991"
59,Base Wars,Konami,Ultra Games,Unreleased,June 1991,Unreleased
60,Baseball,Nintendo Research & Development 1,Nintendo,Nintendo,"October 18, 1985","September 1, 1986"
61,Baseball Simulator 1.000,Culture Brain,Culture Brain,Unreleased,March 1990,Unreleased
62,Baseball Stars,SNK,SNK,Unreleased,July 1989,Unreleased
63,Baseball Stars 2,Pixel,Romstar,Unreleased,July 1992,Unreleased
64,Bases Loaded,TOSE,Jaleco,Unreleased,July 1988,Unreleased
65,Bases Loaded II: Second Season,TOSE,Jaleco,Unreleased,January 1990,Unreleased
66,Bases Loaded 3,TOSE,Jaleco,Unreleased,September 1991,Unreleased
67,Bases Loaded 4,TOSE,Jaleco,Unreleased,April 1993,Unreleased
68,Batman: The Video Game,Sunsoft,Sunsoft,Sunsoft,February 1990,"September 14, 1990"
69,Batman: Return of the Joker,Sunsoft,Sunsoft,Sunsoft,December 1991,"November 19, 1992"
70,Batman Returns,Konami,Konami,Konami,January 1993,1993
71,Battle Chess,Beam Software,Data East,Unreleased,July 1990,Unreleased
72,The Battle of Olympus,Infinity,Brøderbund,Nintendo,December 1989,"September 26, 1991"
73,Battle Tank,Imagineering,Absolute Entertainment,Unreleased,September 1990,Unreleased
74,Battleship,Mindscape,Mindscape,Mindscape,September 1993,1993
75,Battletoads,Rare,Tradewest,Tradewest,June 1991,"February 18, 1993"
76,Battletoads & Double Dragon,Rare,Tradewest,Nintendo,June 1993,1993
77,Beetlejuice,Rare,LJN,Unreleased,May 1991,Unreleased
78,Best of the Best: Championship Karate,Movie Software,Electro Brain,Loriciel,December 1992,1993
79,Bigfoot,Beam Software,Acclaim Entertainment,Acclaim Entertainment,August 1990,"January 24, 1991"
80,Bill & Ted's Excellent Video Game Adventure,Rocket Science Productions,LJN,Unreleased,August 1991,Unreleased
81,Bill Elliott's NASCAR Challenge,Distinctive Software,Konami,Unreleased,December 1991,Unreleased
82,Bionic Commando,Capcom,Capcom,Capcom,December 1988,"October 26, 1990"
83,The Black Bass,Another,Hot-B,Unreleased,September 1989,Unreleased
84,Blades of Steel,Konami,Konami,Konami,December 1988,"November 23, 1990"
85,Blaster Master,Sunsoft,Sunsoft,Sunsoft,November 1988,"April 25, 1991"
86,The Blue Marlin,Hot-B,Hot-B,Unreleased,July 1992,Unreleased
87,The Blues Brothers,Titus Software,Titus Software,Titus Software,September 1992,1992
88,Bo Jackson Baseball,Beam Software,Data East,Unreleased,October 1991,Unreleased
89,Bomberman,Hudson Soft,Hudson Soft,Unreleased,January 1989,Unreleased
90,Bomberman II (NA)Dynablaster (EU),Hudson Soft,Hudson Soft,Hudson Soft,February 1993,1991
91,Bonk's Adventure,AI,Hudson Soft,Unreleased,January 1994,Unreleased
92,Boulder Dash,"Data East, Sakata SAS",JVC Musical Industries,Nintendo,June 1990,1990
93,A Boy and His Blob: Trouble on Blobolonia,Imagineering,Absolute Entertainment,Nintendo,January 1990,1991
94,Bram Stoker's Dracula,Probe Software,Sony Imagesoft,Sony Imagesoft,September 1993,1993
95,Break Time: The National Pool Tour,Opera House,FCI,Unreleased,January 1993,Unreleased
96,BreakThru,Data East,Data East,Unreleased,November 1987,Unreleased
97,Bubble Bobble,Taito,Taito,Taito,November 1988,October 1990
98,Bubble Bobble Part 2,OLMI.T.L,Taito,Unreleased,August 1993,Unreleased
99,Bucky O'Hare,Konami,Konami,Palcom Software,January 1992,"February 18, 1993"
100,The Bugs Bunny Birthday Blowout (NA)The Bugs Bunny Blowout (EU),Kemco,Kemco*Seika,Kemco,September 1990,1990
101,The Bugs Bunny Crazy Castle,Kemco,Kemco*Seika,Unreleased,August 1989,Unreleased
102,Bump 'n' Jump,"Data East, Sakata SAS",Vic Tokai,Unreleased,December 1988,Unreleased
103,Burai Fighter,KID,Taxan,Nintendo,March 1990,1990
104,BurgerTime,"Data East, Sakata SAS",Data East,Unreleased,May 1987,Unreleased
105,Cabal,Zippo Games,Milton Bradley Company,Unreleased,June 1990,Unreleased
106,Caesars Palace,Realtime Associates,Virgin Interactive,Unreleased,December 1992,Unreleased
107,California Games,Rare,Milton Bradley Company,Milton Bradley Company,June 1989,1990
108,Capcom's Gold Medal Challenge '92,Make Software,Capcom,Capcom,August 1992,"June 17, 1993"
109,Captain America and The Avengers,Data East,Data East,Data East,December 1991,1991
110,Captain Planet and the Planeteers,Chris Gray Enterprises,Mindscape,Mindscape,September 1991,"August 20, 1992"
111,Captain Skyhawk,Rare,Milton Bradley Company,Nintendo,June 1990,"May 26, 1994"
112,Casino Kid,SOFEL,SOFEL,Unreleased,October 1989,Unreleased
113,Casino Kid 2,SOFEL,SOFEL,Unreleased,April 1993,Unreleased
114,Castelian,Bits Studios,Triffix,Storm,June 1991,1993
115,Castle of Dragon,Athena,SETA,Unreleased,June 1990,Unreleased
116,Castlequest,ASCII,Nexoft,Unreleased,September 1989,Unreleased
117,Castlevania,Konami,Konami,Konami,May 1987,"December 19, 1988"
118,Castlevania II: Simon's Quest,Konami,Konami,Konami,December 1988,"April 27, 1990"
119,Castlevania III: Dracula's Curse,Konami,Konami,Palcom Software,September 1990,"December 10, 1992"
120,Caveman Games,Painting by Numbers,Data East,Unreleased,October 1990,Unreleased
121,Championship Bowling,Athena,Romstar,Unreleased,December 1989,Unreleased
122,Championship Pool,Bitmasters,Mindscape,Unreleased,October 1993,Unreleased
123,Championship Rally,Human Entertainment,Unreleased,HAL Laboratory,Unreleased,1991
124,Chessmaster,Software Toolworks,Hi Tech Expressions,Nintendo,January 1990,"March 26, 1992"
125,Chip 'n Dale: Rescue Rangers,Capcom,Capcom,Capcom,June 1990,"December 12, 1991"
126,Chip 'n Dale: Rescue Rangers 2,Make Software,Capcom,Capcom,January 1994,"September 29, 1994"
127,Chubby Cherub,TOSE,Bandai,Unreleased,"October 29, 1986",Unreleased
128,Circus Caper,Advance Communication Company,Toho,Unreleased,July 1990,Unreleased
129,City Connection,Jaleco,Jaleco,Jaleco,May 1988,1988
130,Clash at Demonhead,Vic Tokai,Vic Tokai,Unreleased,January 1990,Unreleased
131,Classic Concentration,Softie,GameTek,Unreleased,September 1990,Unreleased
132,Cliffhanger,Spidersoft,Sony Imagesoft,Unreleased,November 1993,Unreleased
133,Clu Clu Land,Nintendo Research & Development 1,Nintendo,Nintendo,"October 18, 1985","February 15, 1987"
134,Cobra Command,Data East,Data East,Unreleased,November 1988,Unreleased
135,Cobra Triangle,Rare,Nintendo,Nintendo,July 1989,"October 25, 1989"
136,Code Name: Viper,"Arc System Works, Capcom",Capcom,Unreleased,March 1990,Unreleased
137,Color a Dinosaur,FarSight Studios,Virgin Interactive,Unreleased,July 1993,Unreleased
138,Commando,Capcom,Capcom,Unreleased,November 1986,Unreleased
139,Conan: The Mysteries of Time,Eastridge Technology,Mindscape,Unreleased,February 1991,Unreleased
140,Conflict,Vic Tokai,Vic Tokai,Unreleased,March 1990,Unreleased
141,Conquest of the Crystal Palace,Quest,Asmik,Unreleased,November 1990,Unreleased
142,Contra (NA)Probotector (EU),Konami,Konami,Konami,February 1988,"December 28, 1990"
143,Contra Force,Konami,Konami,Unreleased,September 1992,Unreleased
144,Cool World,Ocean Software,Ocean Software,Unreleased,June 1993,Unreleased
145,Cowboy Kid,Pixel,Romstar,Unreleased,January 1992,Unreleased
146,Crackout,Konami,Unreleased,Palcom Software,Unreleased,1991
147,Crash 'n the Boys: Street Challenge,Technōs Japan,Technōs Japan,Unreleased,October 1992,Unreleased
148,Crystalis,SNK,SNK,Unreleased,July 1990,Unreleased
149,Cyberball,Richard Seaborne,Jaleco,Unreleased,January 1992,Unreleased
150,Cybernoid: The Fighting Machine,Raffaele Cecco,Acclaim Entertainment,Unreleased,December 1989,Unreleased
151,Dance Aerobics,Human Entertainment,Nintendo,Unreleased,March 1989,Unreleased
152,Danny Sullivan's Indy Heat,Rare,Tradewest,Tradewest,August 1992,1992
153,Darkman,Painting by Numbers,Ocean Software,Ocean Software,October 1991,1991
154,Dash Galaxy in the Alien Asylum,Beam Software,Data East,Unreleased,February 1990,Unreleased
155,Day Dreamin' Davey,Sculptured Software,HAL America,Unreleased,June 1992,Unreleased
156,Days of Thunder,Beam Software,Mindscape,Mindscape,October 1990,"April 25, 1991"
157,Deadly Towers,"Lenar, Tamtex",Brøderbund,Unreleased,September 1987,Unreleased
158,Defender II,Vid Kidz,HAL America,Unreleased,July 1988,Unreleased
159,Defender of the Crown,Beam Software,Ultra Games,Palcom Software,July 1989,"July 25, 1991"
160,Defenders of Dynatron City,Lucasfilm Games,JVC Musical Industries,Unreleased,July 1992,Unreleased
161,Déjà Vu,Kemco,Kemco*Seika,Kemco,December 1990,"September 24, 1992"
162,Demon Sword,TOSE,Taito,Unreleased,January 1990,Unreleased
163,Desert Commander,Kemco,Kemco*Seika,Unreleased,June 1989,Unreleased
164,Destination Earthstar,Imagineering,Acclaim Entertainment,Unreleased,February 1990,Unreleased
165,Destiny of an Emperor,Capcom,Capcom,Unreleased,September 1990,Unreleased
166,Devil World,Nintendo Research & Development 1,Unreleased,Nintendo,Unreleased,"July 15, 1987"
167,Dick Tracy,Realtime Associates,Bandai,Unreleased,August 1990,Unreleased
168,Die Hard,Pack-In-Video,Activision,Activision,January 1992,January 1992
169,Dig Dug II,Namco,Bandai,Unreleased,December 1989,Unreleased
170,Digger T. Rock: Legend of the Lost City,Rare,Milton Bradley Company,Milton Bradley Company,December 1990,1991
171,Dirty Harry,Gray Matter Inc.,Mindscape,Unreleased,December 1990,Unreleased
172,Disney's Aladdin,NMS Software,Unreleased,Virgin Interactive,Unreleased,"December 31, 1994"
173,Disney's Beauty and the Beast,Probe Software,Unreleased,Hudson Soft,Unreleased,1994
174,Disney's Darkwing Duck,Capcom,Capcom,Capcom,June 1992,"December 9, 1993"
175,Disney's The Jungle Book,"Eurocom, Virgin Interactive",Virgin Interactive,Virgin Interactive,August 1994,"August 25, 1994"
176,Disney's The Lion King,Dark Technologies,Unreleased,Virgin Interactive,Unreleased,"May 25, 1995"
177,Disney's The Little Mermaid,Capcom,Capcom,Unreleased,July 1991,Unreleased
178,Donkey Kong,"Nintendo Research & Development 1, Nintendo Research & Development 2",Nintendo,Nintendo,"June 1, 1986","October 15, 1986"
179,Donkey Kong 3,Nintendo Research & Development 1,Nintendo,Nintendo,"June 6, 1986",September 1987
180,Donkey Kong Classics,Nintendo,Nintendo,Nintendo,October 1988,"August 10, 1989"
181,Donkey Kong Jr.,"Nintendo Research & Development 1, Nintendo Research & Development 2",Nintendo,Nintendo,"June 1, 1986",1987
182,Donkey Kong Jr. Math,Nintendo Research & Development 2,Nintendo,Nintendo,"June 6, 1986",September 1986
183,Double Dare,Rare,GameTek,Unreleased,April 1990,Unreleased
184,Double Dragon,Technōs Japan,Tradewest,Nintendo,June 1988,"September 28, 1990"
185,Double Dragon II: The Revenge,Technōs Japan,Acclaim Entertainment,Acclaim Entertainment,January 1990,August 1990
186,Double Dragon III: The Sacred Stones,Technōs Japan,Acclaim Entertainment,Acclaim Entertainment,February 1991,January 1991
187,Double Dribble,Konami,Konami,Konami,September 1987,1988
188,Dr. Chaos,"Marionette, SRS",FCI,Unreleased,November 1988,Unreleased
189,Dr. Jekyll and Mr. Hyde,Advance Communication Company,Bandai,Unreleased,April 1989,Unreleased
190,Dr. Mario,Nintendo Research & Development 1,Nintendo,Nintendo,"October 14, 1990","June 27, 1991"
191,Dragon Fighter,Natsume,SOFEL,Unreleased,January 1992,Unreleased
192,Dragon Power (NA)Dragon Ball (EU),TOSE,Bandai,Bandai,March 1988,1990
193,Dragon Spirit: The New Legend,Now Production,Bandai,Unreleased,June 1990,Unreleased
194,Dragon Warrior,Chunsoft,Nintendo,Unreleased,August 1989,Unreleased
195,Dragon Warrior II,Chunsoft,Enix,Unreleased,September 1990,Unreleased
196,Dragon Warrior III,Chunsoft,Enix,Unreleased,March 1992,Unreleased
197,Dragon Warrior IV,Chunsoft,Enix,Unreleased,October 1992,Unreleased
198,Dragon's Lair,MotiveTime,CSG Imagesoft,Elite Systems,December 1990,"January 3, 1992"
199,Dropzone,Eurocom,Unreleased,Mindscape,Unreleased,1992
200,Duck Hunt,"Nintendo Research & Development 1, Intelligent Systems",Nintendo,Nintendo,"October 18, 1985","August 15, 1987"
201,DuckTales[a],Capcom,Capcom,Capcom,September 1989,"December 14, 1990"
202,DuckTales 2,Make Software,Capcom,Capcom,June 1993,"November 18, 1993"
203,Dungeon Magic: Sword of the Elements,Natsume,Taito,Unreleased,July 1990,Unreleased
204,Dusty Diamond's All-Star Softball,TOSE,Brøderbund,Unreleased,July 1990,Unreleased
205,Dynowarz: Destruction of Spondylus,Advance Communication Company,Bandai,Unreleased,April 1990,Unreleased
206,Eggsplode! (part of Short Order / Eggsplode!),TOSE,Nintendo,Unreleased,December 1989,Unreleased
207,Elevator Action,Micronics,Taito,Unreleased,August 1987,Unreleased
208,Eliminator Boat Duel,Sculptured Software,Electro Brain,Storm,November 1991,"April 29, 1993"
209,Elite,David BrabenIan Bell,Unreleased,Imagineer,Unreleased,1991
210,Excitebike,Nintendo Research & Development 1,Nintendo,Nintendo,"October 18, 1985","September 1, 1986"
211,F-15 Strike Eagle,MicroProse,MicroProse,MicroProse,February 1992,"February 18, 1993"
212,F-117A Stealth Fighter,MicroProse,MicroProse,Unreleased,December 1992,Unreleased
213,Family Feud,Beam Software,GameTek,Unreleased,May 1991,Unreleased
214,Faria: A World of Mystery and Danger,Game Arts,Nexoft,Unreleased,June 1991,Unreleased
215,Faxanadu,Hudson Soft,Nintendo,Nintendo,August 1989,"December 28, 1990"
216,Felix the Cat,Shimada Kikaku,Hudson Soft,Hudson Soft,October 1992,1992
217,Ferrari Grand Prix Challenge,System 3,Acclaim Entertainment,Acclaim Entertainment,June 1992,June 1992
218,Fester's Quest,Sunsoft,Sunsoft,Sunsoft,September 1989,"September 14, 1990"
219,Final Fantasy,Square,Nintendo,Unreleased,May 1990,Unreleased
220,Fire 'n Ice (NA)Solomon's Key 2 (EU),Tecmo,Tecmo,Tecmo,March 1993,"March 18, 1993"
221,Fisher-Price: Firehouse Rescue,Imagineering,GameTek,Unreleased,March 1992,Unreleased
222,Fisher-Price: I Can Remember,Beam Software,GameTek,Unreleased,March 1990,Unreleased
223,Fisher-Price: Perfect Fit,Beam Software,GameTek,Unreleased,March 1990,Unreleased
224,Fist of the North Star,Shouei System,Taxan,Unreleased,April 1989,Unreleased
225,Flight of the Intruder (NA)Phantom Air Mission (EU),Imagineering,Mindscape,Activision,May 1991,1991
226,The Flintstones: The Rescue of Dino & Hoppy,"Taito, Sol",Taito,Taito,December 1991,"April 30, 1992"
227,The Flintstones: Surprise at Dinosaur Peak,"Taito, Sol",Taito,Taito,August 1994,"February 24, 1994"
228,Flying Dragon: The Secret Scroll,Culture Brain,Culture Brain,Unreleased,August 1989,Unreleased
229,Flying Warriors,Culture Brain,Culture Brain,Unreleased,February 1991,Unreleased
230,Formula 1 Sensation,Konami,Unreleased,Palcom Software,Unreleased,1993
231,Formula One: Built to Win,Winkysoft,SETA,Unreleased,November 1990,Unreleased
232,Fox's Peter Pan and the Pirates: The Revenge of Captain Hook,"Richard Seaborne, Equilibrium",THQ,Unreleased,January 1991,Unreleased
233,Frankenstein: The Monster Returns,TOSE,Bandai,Unreleased,July 1991,Unreleased
234,Freedom Force,Sunsoft,Sunsoft,Unreleased,April 1988,Unreleased
235,Friday the 13th,Atlus,LJN,Unreleased,February 1989,Unreleased
236,Fun House,Realtime Associates,Hi Tech Expressions,Unreleased,January 1991,Unreleased
237,G.I. Joe: A Real American Hero,KID,Taxan,Unreleased,January 1991,Unreleased
238,G.I. Joe: The Atlantis Factor,KID,Capcom,Unreleased,March 1992,Unreleased
239,Galaga: Demons of Death (NA)Galaga (EU),Namco,Bandai,Bandai,September 1988,1988
240,Galaxy 5000,Activision,Activision,Activision,February 1991,February 1991
241,Gargoyle's Quest II: The Demon Darkness,Capcom,Capcom,Capcom,October 1992,"June 17, 1993"
242,Gauntlet[b],Tengen,Tengen,Unreleased,July 1988,Unreleased
243,Gauntlet II,Eastridge Technology,Mindscape,Mindscape,September 1990,"April 25, 1991"
244,Gemfire,Koei,Koei,Unreleased,March 1992,Unreleased
245,Genghis Khan,Koei,Koei,Unreleased,January 1990,Unreleased
246,George Foreman's KO Boxing,Beam Software,Acclaim Entertainment,Acclaim Entertainment,December 1992,December 1992
247,Ghostbusters,Bits Corporation,Activision,Unreleased,October 1988,Unreleased
248,Ghostbusters II,Imagineering,Activision,Activision,April 1990,"December 7, 1990"
249,Ghosts 'n Goblins (NA)Ghost 'n Goblins (EU),Micronics,Capcom,Capcom,"November 1, 1986","March 23, 1989"
250,Ghoul School,Imagineering,Electro Brain,Unreleased,March 1992,Unreleased
251,Goal!,TOSE,Jaleco,Jaleco,October 1989,"March 24, 1994"
252,Goal! Two (NA/ES)Eric Cantona Football Challenge Goal! 2 (FR),TOSE,Jaleco,Jaleco,November 1992,1992
253,Godzilla: Monster of Monsters,Compile,Toho,Toho,October 1989,1991
254,Godzilla 2: War of the Monsters,???,Toho,Unreleased,February 1992,Unreleased
255,Golf,Nintendo,Nintendo,Nintendo,"October 18, 1985","November 15, 1986"
256,Golf Grand Slam,TOSE,Atlus,Unreleased,November 1991,Unreleased
257,Golgo 13: Top Secret Episode,Vic Tokai,Vic Tokai,Unreleased,September 1988,Unreleased
258,The Goonies II,Konami,Konami,Konami,November 1987,"December 19, 1988"
259,Gotcha! The Sport!,Atlus,LJN,Unreleased,November 1987,Unreleased
260,Gradius,Konami,Konami,Konami,December 1986,"November 30, 1988"
261,The Great Waldo Search,Radiance,THQ,Unreleased,December 1992,Unreleased
262,Greg Norman's Golf Power,Gremlin Interactive,Virgin Interactive,Unreleased,July 1992,Unreleased
263,Gremlins 2: The New Batch,Sunsoft,Sunsoft,Sunsoft,October 1990,"February 21, 1991"
264,The Guardian Legend,Compile,Brøderbund,Nintendo,April 1989,"February 20, 1992"
265,Guerrilla War,SNK,SNK,SNK,June 1989,1989
266,Gumshoe,Nintendo Research & Development 1,Nintendo,Nintendo,August 1986,May 1988
267,Gun-Nac,Compile,ASCII,Unreleased,September 1991,Unreleased
268,Gun.Smoke,Capcom,Capcom,Capcom,February 1988,"February 23, 1988"
269,Gyromite,Nintendo Research & Development 1,Nintendo,Nintendo,"October 18, 1985","September 1, 1986"
270,Gyruss,Konami,Ultra Games,Unreleased,February 1989,Unreleased
271,Hammerin' Harry,Tamtex,Unreleased,Irem,Unreleased,1992
272,Harlem Globetrotters,Softie,GameTek,Unreleased,March 1991,Unreleased
273,Hatris,Bullet-Proof Software,Bullet-Proof Software,Unreleased,April 1992,Unreleased
274,Heavy Barrel,Data East,Data East,Unreleased,March 1990,Unreleased
275,Heavy Shreddin' (NA)Snowboard Challenge (EU),Imagineering,Parker Brothers,Activision,June 1990,1990
276,High Speed,Rare,Tradewest,Tradewest,July 1991,"April 28, 1994"
277,Hogan's Alley,"Nintendo Research & Development 1, Intelligent Systems",Nintendo,Nintendo,"October 18, 1985","December 15, 1987"
278,Hollywood Squares,Rare,GameTek,Unreleased,September 1989,Unreleased
279,Home Alone,Bethesda Softworks,THQ,Unreleased,October 1991,Unreleased
280,Home Alone 2: Lost in New York,Imagineering,THQ,THQ,October 1992,1992
281,Hook,Painting by Numbers,Sony Imagesoft,Ocean Software,April 1992,1992
282,Hoops,Aicom,Jaleco,Jaleco,June 1989,1989
283,Hudson Hawk,Special FX,Sony Imagesoft,Ocean Software,February 1992,1992
284,The Hunt for Red October,Beam Software,Hi Tech Expressions,Hi Tech Expressions,January 1991,1992
285,Hydlide,T&E Soft,FCI,Unreleased,June 1989,Unreleased
286,Ice Climber,Nintendo Research & Development 1,Nintendo,Nintendo,"October 18, 1985","September 1, 1986"
287,Ice Hockey,Nintendo Research & Development 2,Nintendo,Nintendo,March 1988,"April 15, 1988"
288,Ikari Warriors,Micronics,SNK,SNK,May 1987,"August 10, 1989"
289,Ikari Warriors II: Victory Road,Micronics,SNK,Unreleased,April 1988,Unreleased
290,Ikari III: The Rescue,SNK,SNK,Unreleased,February 1991,Unreleased
291,Image Fight,Lenar,Irem,Unreleased,June 1990,Unreleased
292,The Immortal,Sandcastle,Electronic Arts,Unreleased,November 1990,Unreleased
293,The Incredible Crash Dummies,Software Creations,LJN,LJN,August 1994,"October 21, 1993"
294,Indiana Jones and the Last Crusade,Software Creations,Taito,Unreleased,March 1991,Unreleased
295,Indiana Jones and the Last Crusade (NA)Indy: Indiana Jones and the Last Crusade (EU),NMS Software,Ubisoft,Ubisoft,December 1993,1993
296,Indiana Jones and the Temple of Doom[b],Tengen,Mindscape,Unreleased,December 1988,Unreleased
297,Infiltrator,Eastridge Technology,Mindscape,Unreleased,January 1990,Unreleased
298,International Cricket,Beam Software,Unreleased,Laser Beam Entertainment,Unreleased,1992
299,Iron Tank: The Invasion of Normandy,SNK,SNK,SNK,July 1988,1988
300,Ironsword: Wizards & Warriors II,Zippo Games,Acclaim Entertainment,Acclaim Entertainment,December 1989,"March 27, 1991"
301,Isolated Warrior,KID,NTVIC,Nintendo,February 1991,1991
302,Ivan 'Ironman' Stewart's Super Off Road,Rare,Tradewest,Nintendo,April 1990,"March 14, 1991"
303,Jack Nicklaus' Greatest 18 Holes of Major Championship Golf,Sculptured Software,Konami,Konami,March 1990,"June 27, 1991"
304,Jackal,Konami,Konami,Unreleased,September 1988,Unreleased
305,Jackie Chan's Action Kung Fu,Now Production,Hudson Soft,Hudson Soft,December 1990,1991
306,James Bond Jr.,Eurocom,THQ,THQ,November 1992,1992
307,Jaws,Escape/Westone,LJN,Unreleased,November 1987,Unreleased
308,Jeopardy!,Rare,GameTek,Unreleased,September 1988,Unreleased
309,Jeopardy! 25th Anniversary Edition,Rare,GameTek,Unreleased,June 1990,Unreleased
310,Jeopardy! Junior Edition,Rare,GameTek,Unreleased,October 1989,Unreleased
311,The Jetsons: Cogswell's Caper!,Natsume,Taito,Taito,December 1992,"August 26, 1993"
312,Jimmy Connors Tennis,NMS Software,Ubisoft,Ubisoft,November 1993,1993
313,Joe & Mac (NA)Joe & Mac: Caveman Ninja (EU),Elite Systems,Data East,Elite Systems,December 1992,1992
314,John Elway's Quarterback,Rare,Tradewest,Unreleased,March 1989,Unreleased
315,Jordan vs. Bird: One on One,Rare,Milton Bradley Company,Unreleased,August 1989,Unreleased
316,Journey to Silius,Sunsoft,Sunsoft,Sunsoft,September 1990,"February 21, 1991"
317,Joust,HAL Laboratory,HAL America,Unreleased,October 1988,Unreleased
318,Jurassic Park,Ocean Software,Ocean Software,Ocean Software,June 1993,"December 28, 1993"
319,Kabuki: Quantum Fighter,Human Entertainment,HAL America,Nintendo,January 1991,"February 20, 1992"
320,Karate Champ,"Data East, Sakata SAS",Data East,Unreleased,December 1986,Unreleased
321,The Karate Kid,Atlus,LJN,Unreleased,November 1987,Unreleased
322,Karnov,"Data East, Sakata SAS",Data East,Unreleased,January 1988,Unreleased
323,Kick Master,KID,Taito,Unreleased,January 1992,Unreleased
324,Kick Off,Enigma Variations,Unreleased,Imagineer,Unreleased,"July 22, 1992"
325,Kickle Cubicle,Irem,Irem,Nintendo,September 1990,1990
326,Kid Icarus,"Nintendo Research & Development 1, TOSE",Nintendo,Nintendo,"July 1, 1987","February 15, 1987"
327,Kid Klown in Night Mayor World,Kemco,Kemco,Unreleased,April 1993,Unreleased
328,Kid Kool,Vic Tokai,Vic Tokai,Unreleased,March 1990,Unreleased
329,Kid Niki: Radical Ninja,TOSE,Data East,Unreleased,November 1987,Unreleased
330,King's Knight,"Square, Workss",Square,Unreleased,September 1989,Unreleased
331,King's Quest V: Absence Makes the Heart Go Yonder!,Novotrade International,Konami,Unreleased,June 1992,Unreleased
332,Kings of the Beach,Konami,Ultra Games,Unreleased,January 1990,Unreleased
333,Kirby's Adventure,HAL Laboratory,Nintendo,Nintendo,"May 1, 1993","November 9, 1993"
334,Kiwi Kraze (NA)The NewZealand Story (EU),Software Creations,Taito,Ocean Software,March 1991,1991
335,KlashBall,The Bitmap Brothers,SOFEL,Unreleased,July 1991,Unreleased
336,Knight Rider,Pack-In-Video,Acclaim Entertainment,Acclaim Entertainment,December 1989,"July 27, 1990"
337,Konami Hyper Soccer,Konami,Unreleased,Konami,Unreleased,1992
338,The Krion Conquest,Vic Tokai,Vic Tokai,Unreleased,January 1991,Unreleased
339,Krusty's Fun House,Audiogenic,Acclaim Entertainment,Acclaim Entertainment,September 1992,1992
340,Kung Fu,Nintendo,Nintendo,Nintendo,"October 18, 1985",1987
341,Kung-Fu Heroes,Culture Brain,Culture Brain,Unreleased,March 1989,Unreleased
342,Laser Invasion,Konami,Konami,Unreleased,June 1991,Unreleased
343,Last Action Hero,Teeny Weeny Games,Sony Imagesoft,Unreleased,October 1993,Unreleased
344,The Last Ninja,Beam Software,Jaleco,Unreleased,February 1991,Unreleased
345,The Last Starfighter,Eastridge Technology,Mindscape,Unreleased,June 1990,Unreleased
346,Lee Trevino's Fighting Golf,SNK,SNK,SNK,September 1988,"May 18, 1990"
347,Legacy of the Wizard,Nihon Falcom,Brøderbund,Unreleased,April 1989,Unreleased
348,The Legend of Kage,Taito,Taito,Unreleased,August 1987,Unreleased
349,The Legend of Prince Valiant,Special FX Software,Unreleased,Ocean Software,Unreleased,1992
350,Legend of the Ghost Lion,Kemco,Kemco,Unreleased,October 1992,Unreleased
351,The Legend of Zelda,Nintendo Research & Development 4,Nintendo,Nintendo,"August 22, 1987","November 15, 1987"
352,Legendary Wings,Capcom,Capcom,Unreleased,July 1988,Unreleased
353,Legends of the Diamond,TOSE,Bandai,Unreleased,January 1992,Unreleased
354,Lemmings,Ocean Software,Sunsoft,Sunsoft,November 1992,"May 19, 1993"
355,L'Empereur,Koei,Koei,Unreleased,November 1991,Unreleased
356,Les Chevaliers du Zodiaque: La Légende d'or,TOSE,Unreleased,Bandai[5],Unreleased,1987
357,Lethal Weapon,Eurocom,Ocean Software,Ocean Software,April 1993,1993
358,Life Force (NA)Life Force Salamander (EU),Konami,Konami,Konami,August 1988,"November 23, 1989"
359,Little League Baseball: Championship Series,SNK,SNK,Unreleased,July 1990,Unreleased
360,Little Nemo: The Dream Master,Capcom,Capcom,Nintendo,September 1990,"December 12, 1991"
361,Little Ninja Brothers,Culture Brain,Culture Brain,Culture Brain,December 1990,1991
362,Little Samson,Takeru,Taito,Taito,November 1992,"March 18, 1993"
363,Lode Runner,Hudson Soft,Brøderbund,Unreleased,September 1987,Unreleased
364,The Lone Ranger,Konami,Konami,Unreleased,August 1991,Unreleased
365,Loopz,"Audiogenic, Milestone srl",Mindscape,Unreleased,October 1990,Unreleased
366,Low G Man: The Low Gravity Man,KID,Taxan,Nintendo,September 1990,1991
367,Lunar Pool,Compile,FCI,FCI,October 1987,1987
368,M.C. Kids (NA)McDonaldland (EU),Virgin Interactive,Virgin Interactive,Ocean Software,February 1992,"May 19, 1993"
369,M.U.L.E.,Eastridge Technology,Mindscape,Unreleased,September 1990,Unreleased
370,M.U.S.C.L.E.,TOSE,Bandai,Unreleased,"October 29, 1986",Unreleased
371,Mach Rider,Nintendo,Nintendo,Nintendo,August 1986,1987
372,Mad Max,Eastridge Technology,Mindscape,Unreleased,July 1990,Unreleased
373,The Mafat Conspiracy: Golgo 13,Aicom,Vic Tokai,Unreleased,June 1990,Unreleased
374,Magic Darts,SETA,Romstar,Unreleased,September 1991,Unreleased
375,Magic Johnson's Fast Break,Software Creations,Tradewest,Unreleased,March 1990,Unreleased
376,The Magic of Scheherazade,Culture Brain,Culture Brain,Unreleased,January 1990,Unreleased
377,Magician,Eurocom,Taxan,Unreleased,March 1990,Unreleased
378,MagMax,Nihon Bussan,FCI,Unreleased,October 1988,Unreleased
379,Mah Jong[c],Nintendo,Unreleased,Unreleased,Unreleased,Unreleased
380,Major League Baseball,Atlus,LJN,Unreleased,April 1988,Unreleased
381,Maniac Mansion,"Lucasfilm Games, Realtime Associates",Jaleco,Jaleco,September 1990,"October 22, 1992"
382,Mappy-Land,TOSE,Taxan,Unreleased,April 1989,Unreleased
383,Marble Madness,Rare,Milton Bradley Company,Milton Bradley Company,March 1989,1989
384,Mario Bros.,Nintendo Research & Development 1,Nintendo,Nintendo,"June 1, 1986","September 1, 1986"
385,Mario Bros. (Classic Series),Nintendo Research & Development 1,Unreleased,Nintendo,Unreleased,1993
386,Mario Is Missing!,Radical Entertainment,Software Toolworks,Mindscape,July 1993,June 1994
387,Mario's Time Machine,Radical Entertainment,Software Toolworks,Unreleased,June 1994,Unreleased
388,Mechanized Attack,SNK,SNK,Unreleased,June 1990,Unreleased
389,Mega Man,Capcom,Capcom,Capcom,December 1987,"December 13, 1989"
390,Mega Man 2[a],Capcom,Capcom,Capcom,June 1989,"December 14, 1990"
391,Mega Man 3,Capcom,Capcom,Nintendo,November 1990,"February 20, 1992"
392,Mega Man 4,Capcom,Capcom,Nintendo,January 1992,"January 21, 1993"
393,Mega Man 5,Capcom,Capcom,Nintendo,December 1992,"November 18, 1993"
394,Mega Man 6,Capcom,Nintendo,Unreleased,March 1994,Unreleased
395,Mendel Palace,Game Freak,Hudson Soft,Unreleased,October 1990,Unreleased
396,Metal Gear,Konami,Ultra Games,Konami,June 1988,1989
397,Metal Mech: Man & Machine,Sculptured Software,Jaleco,Unreleased,March 1991,Unreleased
398,Metal Storm,Tamtex,Irem,Unreleased,February 1991,Unreleased
399,Metroid,"Nintendo Research & Development 1, Intelligent Systems",Nintendo,Nintendo,"August 15, 1987","January 15, 1988"
400,Michael Andretti's World GP,Human Entertainment,American Sammy,Unreleased,June 1990,Unreleased
401,Mickey Mousecapade,Hudson Soft,Capcom,Unreleased,October 1988,Unreleased
402,Mickey's Adventures in Numberland,Beam Software,Hi Tech Expressions,Unreleased,March 1994,Unreleased
403,Mickey's Safari in Letterland,Beam Software,Hi Tech Expressions,Unreleased,March 1993,Unreleased
404,Might and Magic Book One: The Secret of the Inner Sanctum,New World Computing,American Sammy,Unreleased,August 1992,Unreleased
405,Mighty Bomb Jack,Tecmo,Tecmo,Tecmo,July 1987,1987
406,Mighty Final Fight,Capcom,Capcom,Capcom,July 1993,1993
407,Mike Tyson's Punch-Out!!,Nintendo Research & Development 3,Nintendo,Nintendo,"October 18, 1987","December 15, 1987"
408,Millipede,HAL Laboratory,HAL America,Unreleased,October 1988,Unreleased
409,Milon's Secret Castle,Hudson Soft,Hudson Soft,Unreleased,September 1988,Unreleased
410,The Miracle Piano Teaching System,Software Toolworks,Software Toolworks,Mindscape,1990,1990
411,Mission: Impossible,Konami,Ultra Games,Palcom Software,September 1990,"November 28, 1991"
412,Monopoly,Sculptured Software,Parker Brothers,Parker Brothers,May 1991,October 1992
413,Monster in My Pocket,Konami,Konami,Palcom Software,January 1992,1992
414,Monster Party,Human Entertainment,Bandai,Unreleased,June 1989,Unreleased
415,Monster Truck Rally,Realtime Associates,INTV,Unreleased,September 1991,Unreleased
416,Motor City Patrol,Source Research & Development,Matchbox,Unreleased,January 1992,Unreleased
417,Mr. Gimmick,Sunsoft,Unreleased,Sunsoft,Unreleased,"May 19, 1993"
418,Ms. Pac-Man,Now Production,Namco,Unreleased,November 1993,Unreleased
419,Muppet Adventure: Chaos at the Carnival,Mind's Eye,Hi Tech Expressions,Unreleased,November 1990,Unreleased
420,The Mutant Virus: Crisis in a Computer World,Rocket Science Productions,American Softworks,Unreleased,April 1992,Unreleased
421,Mystery Quest,Carry Lab,Taxan,Unreleased,April 1989,Unreleased
422,NARC,Rare,Acclaim Entertainment,Unreleased,August 1990,Unreleased
423,NES Open Tournament Golf,Nintendo Research & Development 2,Nintendo,Nintendo,"September 29, 1991","June 18, 1992"
424,NES Play Action Football,TOSE,Nintendo,Unreleased,September 1990,Unreleased
425,New Ghostbusters II,HAL Laboratory,Unreleased,HAL Laboratory,Unreleased,1990
426,NFL Football,Atlus,LJN,Unreleased,September 1989,Unreleased
427,Nigel Mansell's World Championship Racing,Gremlin Graphics,GameTek,Gremlin Interactive,October 1993,1993
428,A Nightmare on Elm Street,Rare,LJN,Unreleased,October 1990,Unreleased
429,Nightshade,Beam Software,Ultra Games,Unreleased,January 1992,Unreleased
430,Ninja Crusaders,NMK,American Sammy,Unreleased,December 1990,Unreleased
431,Ninja Gaiden (NA)Shadow Warriors (EU),Tecmo,Tecmo,Tecmo,March 1989,"August 15, 1991"
432,Ninja Gaiden II: The Dark Sword of Chaos (NA)Shadow Warriors II (EU),Tecmo,Tecmo,Tecmo,May 1990,"October 27, 1994"
433,Ninja Gaiden III: The Ancient Ship of Doom,Tecmo,Tecmo,Unreleased,August 1991,Unreleased
434,Ninja Kid,TOSE,Bandai,Unreleased,"October 29, 1986",Unreleased
435,Nintendo World Cup,Technōs Japan,Nintendo,Nintendo,December 1990,"June 27, 1991"
436,Noah's Ark,Source Research & Development,Unreleased,Konami,Unreleased,1992
437,Nobunaga's Ambition,Koei,Koei,Unreleased,June 1989,Unreleased
438,Nobunaga's Ambition II,Koei,Koei,Unreleased,April 1991,Unreleased
439,North & South,Kemco,Kemco*Seika,Infogrames,December 1990,"January 23, 1992"
440,Operation Wolf,Taito,Taito,Taito,May 1989,1992
441,Orb-3D,Software Toolworks,Hi Tech Expressions,Unreleased,October 1990,Unreleased
442,Othello,HAL Laboratory,Acclaim Entertainment,Unreleased,December 1988,Unreleased
443,Over Horizon,"Pixel, Hot-B",Unreleased,Takara,Unreleased,1991
444,Overlord,Probe Software,Virgin Interactive,Unreleased,January 1993,Unreleased
445,P.O.W.: Prisoners of War,SNK,SNK,SNK,September 1989,1989
446,Pac-Man[b],Namco,Tengen,Unreleased,October 1988,Unreleased
447,Pac-Man,Namco,Namco,Nintendo,November 1993,1993
448,Palamedes,Natsume,Hot-B,Unreleased,November 1990,Unreleased
449,Panic Restaurant,EIM,Taito,Taito,August 1992,"May 26, 1994"
450,Paperboy,Eastridge Technology,Mindscape,Mindscape,December 1988,"October 26, 1990"
451,Paperboy 2,Eastridge Technology,Mindscape,Mindscape,April 1992,April 1992
452,Parasol Stars: Rainbow Island II,Ocean Software,Unreleased,Ocean Software,Unreleased,1992
453,Parodius,Konami,Unreleased,Palcom Software,Unreleased,1992
454,Phantom Fighter,"Marionette, SRS",FCI,Unreleased,April 1990,Unreleased
455,Pictionary,Software Creations,LJN,Unreleased,July 1990,Unreleased
456,Pinball,Nintendo Research & Development 1,Nintendo,Nintendo,"October 18, 1985","September 1, 1986"
457,Pinball Quest,TOSE,Jaleco,Jaleco,June 1990,1992
458,Pin*Bot,Rare,Nintendo,Nintendo,April 1990,1990
459,Pipe Dream,Distinctive Software,Bullet-Proof Software,Unreleased,September 1990,Unreleased
460,Pirates!,Rare,Ultra Games,Palcom Software,October 1991,Unreleased
461,Platoon,Sunsoft,Sunsoft,Unreleased,December 1988,Unreleased
462,Popeye,Nintendo Research & Development 1,Nintendo,Nintendo,"June 6, 1986",1987
463,Power Blade,Natsume,Taito,Taito,March 1991,"January 23, 1992"
464,Power Blade 2,Natsume,Taito,Unreleased,October 1992,Unreleased
465,Power Punch II,Beam Software,American Softworks,Unreleased,June 1992,Unreleased
466,Predator,Pack-In-Video,Activision,Actvision,April 1989,1992
467,Prince of Persia,MotiveTime,Virgin Interactive,Mindscape,November 1992,"April 29, 1993"
468,Princess Tomato in the Salad Kingdom,Hudson Soft,Hudson Soft,Unreleased,February 1991,Unreleased
469,Pro Sport Hockey,TOSE,Jaleco,Unreleased,November 1993,Unreleased
470,Pro Wrestling,Nintendo Research & Development 3,Nintendo,Nintendo,March 1987,"September 15, 1987"
471,Punch-Out!! Featuring Mr. Dream,Nintendo Research & Development 3,Nintendo,Nintendo,August 1990,1991
472,The Punisher,Beam Software,LJN,Unreleased,November 1990,Unreleased
473,Puss 'n Boots: Pero's Great Adventure,Shouei System,Electro Brain,Unreleased,June 1990,Unreleased
474,Puzznic,Taito,Taito,Taito,November 1990,"April 25, 1991"
475,Q*bert,Konami,Ultra Games,Unreleased,February 1989,Unreleased
476,Qix,Novotrade International,Taito,Unreleased,January 1991,Unreleased
477,R.B.I. Baseball[b],Tengen,Tengen,Unreleased,June 1988,Unreleased
478,R.C. Pro-Am,Rare,Nintendo,Nintendo,February 1988,"April 15, 1988"
479,R.C. Pro-Am II,Rare,Tradewest,Tradewest,December 1992,"September 23, 1993"
480,Racket Attack,TOSE,Jaleco,Jaleco,October 1988,"March 24, 1994"
481,Rackets & Rivals,Konami,Unreleased,Palcom Software,Unreleased,1993
482,Rad Racer,Square,Nintendo,Nintendo,"October 1, 1987","January 15, 1988"
483,Rad Racer II,Square,Square,Unreleased,June 1990,Unreleased
484,Raid on Bungeling Bay,Hudson Soft,Brøderbund,Unreleased,September 1987,Unreleased
485,Rainbow Islands,Taito,Taito,Unreleased,June 1991,Unreleased
486,Rainbow Islands: Bubble Bobble 2,Ocean Software,Unreleased,Ocean Software,Unreleased,1991
487,Rally Bike,Toaplan,Romstar,Unreleased,September 1990,Unreleased
488,Rambo,Pack-In-Video,Acclaim Entertainment,Unreleased,May 1988,Unreleased
489,Rampage,Data East,Data East,Unreleased,December 1988,Unreleased
490,Rampart,Bitmasters,Jaleco,Jaleco,January 1992,1992
491,Remote Control,Riedel Software Productions,Hi Tech Expressions,Unreleased,May 1990,Unreleased
492,The Ren & Stimpy Show: Buckeroo$!,Imagineering,THQ,Unreleased,November 1993,Unreleased
493,Renegade,Technōs Japan,Taito,Unreleased,January 1988,Unreleased
494,Rescue: The Embassy Mission,Kemco,Kemco*Seika,Kemco,January 1990,"March 27, 1991"
495,Ring King,"Jastec, Neue Design",Data East,Unreleased,September 1987,Unreleased
496,River City Ransom (NA)Street Gangs (EU),Technōs Japan,Technōs Japan,Infogrames,January 1990,1991
497,Road Fighter,Konami,Unreleased,Palcom Software,Unreleased,1992
498,RoadBlasters,Beam Software,Mindscape,Mindscape,January 1990,1990
499,Robin Hood: Prince of Thieves,Sculptured Software,Virgin Interactive,Mindscape,November 1991,"December 10, 1992"
500,RoboCop,"Data East, Sakata SAS",Data East,Ocean Software,December 1989,"April 25, 1991"
501,RoboCop 2,Painting by Numbers,Data East,Ocean Software,April 1991,1991
502,RoboCop 3,Probe Software,Ocean Software,Ocean Software,August 1992,"July 28, 1994"
503,Robowarrior,"Hudson Soft, Aicom",Jaleco,Jaleco,December 1988,"September 27, 1989"
504,Rock 'n' Ball,KID,NTVIC,Unreleased,January 1990,Unreleased
505,Rocket Ranger,Beam Software,Kemco*Seika,Unreleased,June 1990,Unreleased
506,The Rocketeer,Ironwind Software,Bandai,Unreleased,May 1991,Unreleased
507,Rockin' Kats,Atlus,Atlus,Atlus,September 1991,"November 19, 1992"
508,Rod Land,The Sales Curve,Unreleased,Storm,Unreleased,1993
509,Roger Clemens' MVP Baseball,Sculptured Software,LJN,Unreleased,October 1991,Unreleased
510,Rollerball,HAL Laboratory,HAL America,HAL Laboratory,February 1990,1992
511,Rollerblade Racer,Radiance,Hi Tech Expressions,Unreleased,February 1993,Unreleased
512,RollerGames,Konami,Ultra Games,Konami,September 1990,"October 24, 1991"
513,Romance of the Three Kingdoms,Koei,Koei,Unreleased,October 1989,Unreleased
514,Romance of the Three Kingdoms II,Koei,Koei,Unreleased,September 1991,Unreleased
515,Roundball: 2 on 2 Challenge,Park Place Productions,Mindscape,Mindscape,"May 27, 1992",1992
516,Rush'n Attack,Konami,Konami,Konami,April 1987,1988
517,Rygar,Tecmo,Tecmo,Tecmo,July 1987,"March 30, 1990"
518,S.C.A.T.: Special Cybernetic Attack Team (NA)Action in New York (EU),Natsume,Natsume,Infogrames,June 1991,1992
519,Section Z,Capcom,Capcom,Capcom,July 1987,"September 27, 1989"
520,Seicross,Nichibutsu,FCI,Unreleased,October 1988,Unreleased
521,Sesame Street: 1-2-3,Zippo Games,Hi Tech Expressions,Unreleased,January 1989,Unreleased
522,Sesame Street: A-B-C,Zippo Games,Hi Tech Expressions,Unreleased,September 1989,Unreleased
523,Sesame Street: A-B-C/1-2-3,Zippo Games,Hi Tech Expressions,Unreleased,November 1991,Unreleased
524,Sesame Street: Big Bird's Hide & Speak,Riedel Software Productions,Hi Tech Expressions,Unreleased,October 1990,Unreleased
525,Sesame Street: Countdown,Riedel Software Productions,Hi Tech Expressions,Unreleased,February 1992,Unreleased
526,Shadow of the Ninja (NA)Blue Shadow (EU),Natsume,Natsume,Taito,December 1990,"July 25, 1991"
527,Shadowgate,Kemco,Kemco*Seika,Kemco,December 1989,"May 30, 1991"
528,Shatterhand,Natsume,Jaleco,Jaleco,December 1991,"November 19, 1992"
529,Shingen the Ruler,Another,Hot-B,Unreleased,June 1990,Unreleased
530,Shooting Range,TOSE,Bandai,Unreleased,June 1989,Unreleased
531,Short Order (part of Short Order / Eggsplode!),TOSE,Nintendo,Unreleased,December 1989,Unreleased
532,Side Pocket,Data East,Data East,Data East,"November 30, 1987","May 27, 1992"
533,Silent Service,Rare,Ultra Games,Konami,December 1989,"November 23, 1990"
534,Silkworm,Sammy Japan,American Sammy,Unreleased,June 1990,Unreleased
535,Silver Surfer,Software Creations,Arcadia Systems,Unreleased,November 1990,Unreleased
536,The Simpsons: Bart vs. the Space Mutants,Imagineering,Acclaim Entertainment,Acclaim Entertainment,February 1991,"December 12, 1991"
537,The Simpsons: Bart vs. the World,Imagineering,Acclaim Entertainment,Acclaim Entertainment,December 1991,"October 22, 1992"
538,The Simpsons: Bartman Meets Radioactive Man,Imagineering,Acclaim Entertainment,Acclaim Entertainment,December 1992,1992
539,Skate or Die!,Konami,Ultra Games,Palcom Software,December 1988,"August 17, 1990"
540,Skate or Die 2: The Search for Double Trouble,Electronic Arts,Electronic Arts,Unreleased,September 1990,Unreleased
541,Ski or Die,Konami,Ultra Games,Palcom Software,February 1991,"October 24, 1991"
542,Sky Kid,Namco,Sunsoft,Unreleased,September 1987,Unreleased
543,Sky Shark,Software Creations,Taito,Unreleased,September 1989,Unreleased
544,Slalom,Rare,Nintendo,Nintendo,March 1987,"October 15, 1987"
545,Smash TV,Beam Software,Acclaim Entertainment,Acclaim Entertainment,September 1991,1991
546,The Smurfs,Bit Managers,Unreleased,Infogrames,Unreleased,1994
547,Snake Rattle 'n' Roll,Rare,Nintendo,Nintendo,July 1990,"March 27, 1991"
548,Snake's Revenge,Konami,Ultra Games,Konami,April 1990,March 1991
549,Snoopy's Silly Sports Spectacular,Kemco,Kemco*Seika,Unreleased,April 1990,Unreleased
550,Snow Brothers,Soft House,Capcom,Capcom,November 1991,1991
551,Soccer,Intelligent Systems,Nintendo,Nintendo,"October 18, 1985","January 15, 1987"
552,Solar Jetman: Hunt for the Golden Warpship,Zippo Games,Tradewest,Nintendo,September 1990,"September 26, 1991"
553,Solomon's Key,Tecmo,Tecmo,Tecmo,July 1987,"March 30, 1990"
554,Solstice: The Quest for the Staff of Demnos,Software Creations,CSG Imagesoft,Nintendo,June 1990,"September 26, 1991"
555,Space Shuttle Project,Imagineering,Absolute Entertainment,Unreleased,November 1991,Unreleased
556,Spelunker,"Tamtex, TOSE",Brøderbund,Unreleased,September 1987,Unreleased
557,Spider-Man: Return of the Sinister Six,Bits Studios,LJN,LJN,October 1992,1992
558,Spot: The Video Game,Virgin Mastertronic,Arcadia Systems,Unreleased,September 1990,Unreleased
559,Spy Hunter,Sunsoft,Sunsoft,Unreleased,September 1987,Unreleased
560,Spy vs. Spy,Kemco,Kemco*Seika,Kemco,October 1988,"July 27, 1990"
561,Sqoon,Home Data,Irem,Unreleased,September 1987,Unreleased
562,Stack-Up,Nintendo Research & Development 1,Nintendo,Nintendo,"October 18, 1985",September 1986
563,Stadium Events,Human Entertainment,Bandai,Bandai,September 1987,1988
564,Stanley: The Search for Dr. Livingston,Sculptured Software,Electro Brain,Unreleased,October 1992,Unreleased
565,Star Force,Hudson Soft,Tecmo,Tecmo,November 1987,"April 27, 1990"
566,Star Soldier,Hudson Soft,Taxan,Unreleased,January 1989,Unreleased
567,Star Trek: 25th Anniversary,Interplay Entertainment,Ultra Games,Palcom Software,February 1992,1992
568,Star Trek: The Next Generation,Imagineering,Absolute Entertainment,Unreleased,September 1993,Unreleased
569,Star Voyager,ASCII,Acclaim Entertainment,Unreleased,September 1987,Unreleased
570,Star Wars[a],"Lucasfilm Games, Beam Software",JVC Musical Industries,JVC Musical Industries,November 1991,"March 26, 1992"
571,Star Wars: The Empire Strikes Back[a],"Lucasfilm Games, Sculptured Software",JVC Musical Industries,JVC Musical Industries,March 1992,1992
572,Starship Hector,Hudson Soft,Hudson Soft,Unreleased,June 1990,Unreleased
573,StarTropics,"Nintendo Research & Development 3, Locomotive Corporation",Nintendo,Nintendo,"December 1, 1990","August 20, 1992"
574,Stealth ATF,Imagineering,Activision,Nintendo,October 1989,"May 30, 1991"
575,Stinger,Konami,Konami,Unreleased,September 1987,Unreleased
576,Street Cop,Human Entertainment,Bandai,Unreleased,June 1989,Unreleased
577,Street Fighter 2010: The Final Fight,Capcom,Capcom,Unreleased,September 1990,Unreleased
578,Strider,Capcom,Capcom,Unreleased,July 1989,Unreleased
579,Super C (NA)Probotector II: Return of The Evil Forces (EU),Konami,Konami,Konami,April 1990,1992
580,Super Cars,Magnetic Fields,Electro Brain,Unreleased,February 1991,Unreleased
581,Super Dodge Ball,Technōs Japan,CSG Imagesoft,Unreleased,July 1989,Unreleased
582,Super Glove Ball,Rare,Mattel,Unreleased,October 1990,Unreleased
583,Super Jeopardy!,Imagitec,GameTek,Unreleased,September 1991,Unreleased
584,Super Mario Bros.,Nintendo Research & Development 4,Nintendo,Nintendo,"October 18, 1985",1987
585,Super Mario Bros./Duck Hunt,Nintendo,Nintendo,Nintendo,November 1988,December 1988
586,Super Mario Bros./Duck Hunt/World Class Track Meet,"Nintendo, Human Entertainment",Nintendo,Unreleased,December 1990,Unreleased
587,Super Mario Bros./Tetris/Nintendo World Cup,"Nintendo, Technōs Japan",Unreleased,Nintendo,Unreleased,1991
588,Super Mario Bros. 2,Nintendo Research & Development 4,Nintendo,Nintendo,"October 9, 1988","April 28, 1989"
589,Super Mario Bros. 3,Nintendo Research & Development 4,Nintendo,Nintendo,"February 12, 1990","August 29, 1991"
590,Super Pitfall,Micronics,Activision,Unreleased,November 1987,Unreleased
591,Super Spike V'Ball,Technōs Japan,Nintendo,Nintendo,February 1990,"January 23, 1992"
592,Super Spike V'Ball/Nintendo World Cup,"Nintendo, Technōs Japan",Nintendo,Unreleased,December 1990,Unreleased
593,Super Spy Hunter,Sunsoft,Sunsoft,Sunsoft,February 1992,1992
594,Super Team Games,Human Entertainment,Nintendo,Unreleased,November 1988,Unreleased
595,Super Turrican,Manfred Trenz,Unreleased,Imagineer,Unreleased,1992
596,Superman,Kemco,Kemco*Seika,Unreleased,December 1988,Unreleased
597,Swamp Thing,Imagineering,THQ,THQ,December 1992,1992
598,Sword Master,Athena,Activision,Activision,January 1992,"January 21, 1993"
599,Swords and Serpents,Interplay Entertainment,Acclaim Entertainment,Acclaim Entertainment,August 1990,"November 28, 1991"
600,Taboo: The Sixth Sense,Rare,Tradewest,Unreleased,April 1989,Unreleased
601,Tag Team Wrestling,"Data East, Sakata SAS",Data East,Unreleased,October 1986,Unreleased
602,TaleSpin,Capcom,Capcom,Capcom,December 1991,"September 24, 1992"
603,Target: Renegade,Software Creations,Taito,Unreleased,March 1990,Unreleased
604,Tecmo Baseball,Tecmo,Tecmo,Unreleased,January 1989,Unreleased
605,Tecmo Bowl,Tecmo,Tecmo,Unreleased,February 1989,Unreleased
606,Tecmo Cup Soccer Game (NA)Tecmo Cup: Football Game (EU),Tecmo,Tecmo,Tecmo,September 1992,"September 24, 1992"
607,Tecmo NBA Basketball,Sculptured Software,Tecmo,Unreleased,November 1992,Unreleased
608,Tecmo Super Bowl,Tecmo,Tecmo,Unreleased,December 1991,Unreleased
609,Tecmo World Cup Soccer,Tecmo,Unreleased,Tecmo,Unreleased,1991
610,Tecmo World Wrestling,Tecmo,Tecmo,Tecmo,April 1990,"November 23, 1990"
611,Teenage Mutant Ninja Turtles (NA/AU)Teenage Mutant Hero Turtles (EU),Konami,Ultra Games,Palcom Software,June 1989,"August 17, 1990"
612,Teenage Mutant Ninja Turtles II: The Arcade Game (NA/AU)Teenage Mutant Hero Turtles II: The Arcade Game (EU),Konami,Ultra Games,Konami,December 1990,"November 14, 1991"
613,Teenage Mutant Ninja Turtles III: The Manhattan Project,Konami,Konami,Unreleased,"February 1, 1992",Unreleased
614,Teenage Mutant Ninja Turtles: Tournament Fighters (NA)Teenage Mutant Hero Turtles: Tournament Fighters (EU),Konami,Konami,Konami,February 1994,1994
615,Tennis,"Nintendo Research & Development 1, Intelligent Systems",Nintendo,Nintendo,"October 18, 1985","September 1, 1986"
616,The Terminator,Radical Entertainment,Mindscape,Mindscape,December 1992,1992
617,Terminator 2: Judgment Day,Software Creations,LJN,LJN,February 1992,1992
618,Terra Cresta,Nihon Bussan,Vic Tokai,Unreleased,March 1990,Unreleased
619,Tetris,Nintendo Research & Development 1,Nintendo,Nintendo,November 1989,"February 23, 1990"
620,Tetris 2,TOSE,Nintendo,Nintendo,October 1993,1993
621,The Three Stooges,Beam Software,Activision,Unreleased,October 1989,Unreleased
622,Thunder & Lightning,Visco Corporation,Romstar,Unreleased,December 1990,Unreleased
623,Thunderbirds,Pack-In-Video,Activision,Unreleased,September 1990,Unreleased
624,Thundercade,Micronics,American Sammy,Unreleased,July 1989,Unreleased
625,Tiger-Heli,Micronics,Acclaim Entertainment,Acclaim Entertainment,September 1987,"January 17, 1990"
626,Time Lord,Rare,Milton Bradley Company,Milton Bradley Company,September 1990,1990
627,Times of Lore,Toho,Toho,Unreleased,May 1991,Unreleased
628,Tiny Toon Adventures,Konami,Konami,Konami,December 1991,"October 22, 1992"
629,Tiny Toon Adventures 2: Trouble in Wackyland,Konami,Konami,Konami,April 1993,"January 27, 1994"
630,Tiny Toon Adventures Cartoon Workshop,Novotrade International,Konami,Konami,December 1992,1992
631,To the Earth,Cirque Verte,Nintendo,Nintendo,November 1989,"February 23, 1990"
632,Toki,Daiei Seisakusho,Taito,Unreleased,December 1991,Unreleased
633,Tom and Jerry,Software Creations,Hi Tech Expressions,Hi Tech Expressions,December 1991,"October 22, 1992"
634,Tombs & Treasure,Compile,Infocom,Unreleased,June 1991,Unreleased
635,Top Gun,Konami,Konami,Konami,November 1987,"November 30, 1988"
636,Top Gun: The Second Mission,Konami,Konami,Konami,January 1990,"October 24, 1991"
637,Top Players' Tennis (NA)Four Players' Tennis (EU),Home Data,Asmik,Nintendo,January 1990,July 1992
638,Total Recall,Interplay Entertainment,Acclaim Entertainment,Acclaim Entertainment,August 1990,1990
639,Totally Rad,Aicom,Jaleco,Jaleco,March 1991,1991
640,Touch Down Fever,SNK,SNK,Unreleased,February 1991,Unreleased
641,Town & Country Surf Designs: Wood & Water Rage,Atlus,LJN,Unreleased,February 1988,Unreleased
642,Town & Country II: Thrilla's Surfari,Sculptured Software,LJN,Unreleased,March 1992,Unreleased
643,Toxic Crusaders,TOSE,Bandai,Unreleased,April 1992,Unreleased
644,Track & Field (NA)Track & Field in Barcelona (EU),Konami,Konami,Kemco,April 1987,1992
645,Track & Field II,Konami,Konami,Konami,June 1989,"November 22, 1989"
646,Treasure Master,Software Creations,American Softworks,Unreleased,December 1991,Unreleased
647,Trog!,Visual Concepts,Acclaim Entertainment,Acclaim Entertainment,October 1991,1991
648,Trojan,Capcom,Capcom,Capcom,February 1987,"March 23, 1989"
649,The Trolls in Crazyland,KID,Unreleased,American Softworks,Unreleased,1993
650,Twin Cobra,Micronics,American Sammy,Unreleased,January 1990,Unreleased
651,Twin Eagle,SETA,Romstar,Unreleased,October 1989,Unreleased
652,Ufouria: The Saga,Sunsoft,Unreleased,Sunsoft,Unreleased,"November 19, 1992"
653,Ultima III: Exodus,Newtopia Planning,FCI,Unreleased,February 1989,Unreleased
654,Ultima IV: Quest of the Avatar,"Atelier Double, Infinity",FCI,Unreleased,December 1990,Unreleased
655,Ultima V: Warriors of Destiny,Origin Systems,FCI,Unreleased,January 1993,Unreleased
656,Ultimate Air Combat,Activision,Activision,Activision,April 1992,November 1992
657,Ultimate Basketball,Aicom,American Sammy,Unreleased,September 1990,Unreleased
658,The Uncanny X-Men,Pixel,LJN,Unreleased,December 1989,Unreleased
659,Uncharted Waters,Koei,Koei,Unreleased,November 1991,Unreleased
660,Uninvited,Kemco,Kemco*Seika,Unreleased,June 1991,Unreleased
661,The Untouchables,Special FX Software,Ocean Software,Unreleased,January 1991,Unreleased
662,Urban Champion,Nintendo Research & Development 1,Nintendo,Nintendo,August 1986,1987
663,Vegas Dream,HAL Laboratory,HAL America,Unreleased,March 1990,Unreleased
664,Vice: Project Doom,Aicom,American Sammy,Unreleased,November 1991,Unreleased
665,Videomation,FarSight Studios,THQ,Unreleased,June 1991,Unreleased
666,Volleyball,Nintendo Research & Development 1,Nintendo,Nintendo,March 1987,"November 15, 1987"
667,Wacky Races,Atlus,Atlus,Unreleased,May 1992,Unreleased
668,Wall Street Kid,SOFEL,SOFEL,Unreleased,June 1990,Unreleased
669,Wario's Woods,Nintendo Research & Development 1,Nintendo,Nintendo,"December 10, 1994",1994
670,Wayne Gretzky Hockey,Bethesda Softworks,THQ,Unreleased,January 1991,Unreleased
671,Wayne's World,Radical Entertainment,THQ,Unreleased,November 1993,Unreleased
672,WCW Wrestling,Nichibutsu,FCI,Unreleased,April 1990,Unreleased
673,Werewolf: The Last Warrior,"Data East, Sakata SAS",Data East,Data East,November 1990,"September 26, 1991"
674,Wheel of Fortune,Rare,GameTek,Unreleased,September 1988,Unreleased
675,Wheel of Fortune Family Edition,Rare,GameTek,Unreleased,March 1990,Unreleased
676,Wheel of Fortune: Featuring Vanna White,Imagitec,GameTek,Unreleased,January 1992,Unreleased
677,Wheel of Fortune Junior Edition,Rare,GameTek,Unreleased,October 1989,Unreleased
678,Where in Time Is Carmen Sandiego?,Distinctive Software,Konami,Unreleased,October 1991,Unreleased
679,Where's Waldo?,Bethesda Softworks,THQ,Unreleased,"September 17, 1991",Unreleased
680,Who Framed Roger Rabbit,Rare,LJN,Unreleased,September 1989,Unreleased
681,Whomp 'Em,Jaleco,Jaleco,Unreleased,March 1991,Unreleased
682,Widget,"Atlus, Graphic Research",Atlus,Unreleased,November 1992,Unreleased
683,Wild Gunman,"Nintendo Research & Development 1, Intelligent Systems",Nintendo,Nintendo,"October 18, 1985","August 22, 1987"
684,Willow,Capcom,Capcom,Capcom,December 1989,"November 28, 1991"
685,"Win, Lose, or Draw",Riedel Software Productions,Hi Tech Expressions,Unreleased,March 1990,Unreleased
686,Winter Games,Atelier Double,Acclaim Entertainment,Unreleased,September 1987,Unreleased
687,Wizardry: Proving Grounds of the Mad Overlord,Sir-Tech,Nexoft,Unreleased,July 1990,Unreleased
688,Wizardry II: The Knight of Diamonds,Sir-Tech,ASCII,Unreleased,April 1992,Unreleased
689,Wizards & Warriors,Rare,Acclaim Entertainment,Acclaim Entertainment,December 1987,"January 17, 1990"
690,Wizards & Warriors III: Kuros: Visions of Power (NA)Wizards & Warriors III (EU),Zippo Games,Acclaim Entertainment,Acclaim Entertainment,March 1992,"January 21, 1993"
691,Wolverine,Software Creations,LJN,Unreleased,October 1991,Unreleased
692,World Champ,Pixel,Romstar,Taito,April 1991,April 1991
693,World Class Track Meet,Human Entertainment,Nintendo,Unreleased,August 1988,Unreleased
694,World Games,Software Creations,Milton Bradley Company,Unreleased,March 1989,Unreleased
695,Wrath of the Black Manta,AI,Taito,Taito,April 1990,"January 24, 1991"
696,Wrecking Crew,Nintendo Research & Development 1,Nintendo,Nintendo,"October 18, 1985",1987
697,Wurm: Journey to the Center of the Earth,Cyclone System,Asmik,Unreleased,November 1991,Unreleased
698,WWF King of the Ring,"Gray Matter, Eastridge Technology",LJN,LJN,November 1993,November 1993
699,WWF WrestleMania,Rare,Acclaim Entertainment,Acclaim Entertainment,January 1989,1989
700,WWF WrestleMania Challenge,Rare,LJN,LJN,November 1990,1991
701,WWF WrestleMania: Steel Cage Challenge,Sculptured Software,LJN,LJN,September 1992,1992
702,Xenophobe,Sunsoft,Sunsoft,Unreleased,December 1988,Unreleased
703,Xevious,Namco,Bandai,Bandai,September 1988,"October 25, 1989"
704,Xexyz,Atlus,Hudson Soft,Unreleased,April 1990,Unreleased
705,Yo! Noid,Now Production,Capcom,Unreleased,November 1990,Unreleased
706,Yoshi (NA)Mario & Yoshi (EU),Game Freak,Nintendo,Nintendo,"June 1, 1992","December 30, 1992"
707,Yoshi's Cookie,TOSE,Nintendo,Nintendo,"April 10, 1993","April 28, 1994"
708,The Young Indiana Jones Chronicles,Jaleco,Jaleco,Unreleased,December 1992,Unreleased
709,Zanac,Compile,FCI,Unreleased,October 1987,Unreleased
710,Zelda II: The Adventure of Link,Nintendo Research & Development 4,Nintendo,Nintendo,"December 1, 1988",1990
711,Zen the Intergalactic Ninja,Konami,Konami,Konami,March 1993,1993
712,Zoda's Revenge: StarTropics II,Nintendo Research & Development 3,Nintendo,Unreleased,"March 15, 1994",Unreleased
713,Zombie Nation,KAZe,Meldac,Unreleased,January 1991,Unreleased
